OrigName,OrigLat,OrigLon,DestName,DestLat,DestLon,FlowMag
Ponta Delgada,37.7483018179,-25.6665834976,Lisbon,38.7227228779,-9.1448663055,6013
Ponta Delgada,37.7483018179,-25.6665834976,Los Angeles,33.9899782502,-118.179980511,1661
Ponta Delgada,37.7483018179,-25.6665834976,Coimbra,40.2003743683,-8.41668034,2259
Ponta Delgada,37.7483018179,-25.6665834976,Christchurch,-43.5350313123,172.630020711,4656
Ponta Delgada,37.7483018179,-25.6665834976,Toronto,43.6999798778,-79.4200207944,584
Ponta Delgada,37.7483018179,-25.6665834976,Kyoto,35.0299922882,135.749997924,282
Ponta Delgada,37.7483018179,-25.6665834976,Yokohama,35.3200262645,139.58004838,6985
Ponta Delgada,37.7483018179,-25.6665834976,Durban,-29.8650130017,30.9800105374,4981
Ponta Delgada,37.7483018179,-25.6665834976,Knoxville,35.9700124298,-83.9200303566,1235